,StatName,p_value,q_value
0,lPreCG_rPreCG,p: .537,q: .839
1,lPreCG_lIFGo,p: .080,q: .545
2,lPreCG_rIFGor,p: .119,q: .591
3,lPreCG_lIFGt,p: .234,q: .668
4,lPreCG_rIFGt,p: .133,q: .602
5,lPreCG_lIFGo,p: .049*,q: .508
6,lPreCG_rIFGo,p: .165,q: .625
7,lPreCG_lMotor,p: .502,q: .822
8,lPreCG_rMotor,p: .962,q: .990
9,lPreCG_lOlfC,p: .109,q: .573
10,lPreCG_rOlfC,p: .115,q: .586
11,lPreCG_lSFGm,p: .377,q: .767
12,lPreCG_rSFGm,p: .258,q: .693
13,lPreCG_lSFGmo,p: .195,q: .651
14,lPreCG_rSFGmo,p: .135,q: .602
15,lPreCG_lInsula,p: .085,q: .552
16,lPreCG_rInsula,p: .100,q: .562
17,lPreCG_lACC,p: .119,q: .591
18,lPreCG_rACC,p: .298,q: .716
19,lPreCG_lPCC,p: .338,q: .739
20,lPreCG_rPCC,p: .419,q: .782
21,lPreCG_lHip,p: .127,q: .602
22,lPreCG_rHip,p: .219,q: .663
23,lPreCG_lParahip,p: .039*,q: .484
24,lPreCG_rParahip,p: .171,q: .625
25,lPreCG_lAmyg,p: .034*,q: .458
26,lPreCG_rAmyg,p: .176,q: .631
27,lPreCG_lCalc,p: .327,q: .733
28,lPreCG_rCalc,p: .139,q: .602
29,lPreCG_lCu,p: .386,q: .767
30,lPreCG_rCu,p: .222,q: .663
31,lPreCG_lLingual,p: .151,q: .617
32,lPreCG_rLingual,p: .221,q: .663
33,lPreCG_lSOccL,p: .209,q: .658
34,lPreCG_rSOccL,p: .222,q: .663
35,lPreCG_lMOccL,p: .055,q: .511
36,lPreCG_rMOccL,p: .015*,q: .430
37,lPreCG_lIOccL,p: .028*,q: .436
38,lPreCG_rIOccl,p: .045*,q: .499
39,lPreCG_lSPG,p: .307,q: .720
40,lPreCG_rSPG,p: .976,q: .995
41,lPreCG_lIPG,p: .007*,q: .341
42,lPreCG_rIPG,p: .708,q: .901
43,lPreCG_lSMG,p: .156,q: .620
44,lPreCG_rSMG,p: .654,q: .879
45,lPreCG_lAng,p: .022*,q: .430
46,lPreCG_rAng,p: .607,q: .864
47,lPreCG_lPrecu,p: .744,q: .919
48,lPreCG_rPrecu,p: .394,q: .771
49,lPreCG_lMTG,p: .042*,q: .489
50,lPreCG_rMTG,p: .470,q: .807
51,rPreCG_lIFGo,p: .387,q: .767
52,rPreCG_rIFGor,p: .751,q: .922
53,rPreCG_lIFGt,p: .513,q: .831
54,rPreCG_rIFGt,p: .645,q: .876
55,rPreCG_lIFGo,p: .362,q: .749
56,rPreCG_rIFGo,p: .616,q: .866
57,rPreCG_lMotor,p: .454,q: .804
58,rPreCG_rMotor,p: .475,q: .807
59,rPreCG_lOlfC,p: .539,q: .839
60,rPreCG_rOlfC,p: .596,q: .858
61,rPreCG_lSFGm,p: .311,q: .720
62,rPreCG_rSFGm,p: .522,q: .834
63,rPreCG_lSFGmo,p: .207,q: .657
64,rPreCG_rSFGmo,p: .157,q: .620
65,rPreCG_lInsula,p: .495,q: .820
66,rPreCG_rInsula,p: .693,q: .899
67,rPreCG_lACC,p: .368,q: .757
68,rPreCG_rACC,p: .543,q: .841
69,rPreCG_lPCC,p: .996,q: .998
70,rPreCG_rPCC,p: .961,q: .990
71,rPreCG_lHip,p: .880,q: .963
72,rPreCG_rHip,p: .649,q: .878
73,rPreCG_lParahip,p: .812,q: .945
74,rPreCG_rParahip,p: .826,q: .947
75,rPreCG_lAmyg,p: .936,q: .982
76,rPreCG_rAmyg,p: .862,q: .953
77,rPreCG_lCalc,p: .614,q: .864
78,rPreCG_rCalc,p: .877,q: .963
79,rPreCG_lCu,p: .587,q: .857
80,rPreCG_rCu,p: .845,q: .949
81,rPreCG_lLingual,p: .568,q: .854
82,rPreCG_rLingual,p: .999,q: .999
83,rPreCG_lSOccL,p: .182,q: .636
84,rPreCG_rSOccL,p: .933,q: .981
85,rPreCG_lMOccL,p: .211,q: .658
86,rPreCG_rMOccL,p: .278,q: .705
87,rPreCG_lIOccL,p: .255,q: .691
88,rPreCG_rIOccl,p: .604,q: .863
89,rPreCG_lSPG,p: .334,q: .738
90,rPreCG_rSPG,p: .388,q: .767
91,rPreCG_lIPG,p: .193,q: .651
92,rPreCG_rIPG,p: .843,q: .949
93,rPreCG_lSMG,p: .667,q: .884
94,rPreCG_rSMG,p: .296,q: .716
95,rPreCG_lAng,p: .309,q: .720
96,rPreCG_rAng,p: .884,q: .966
97,rPreCG_lPrecu,p: .938,q: .983
98,rPreCG_rPrecu,p: .858,q: .952
99,rPreCG_lMTG,p: .471,q: .807
100,rPreCG_rMTG,p: .584,q: .856
101,lIFGo_rIFGor,p: .067,q: .529
102,lIFGo_lIFGt,p: .743,q: .919
103,lIFGo_rIFGt,p: .190,q: .649
104,lIFGo_lIFGo,p: .111,q: .577
105,lIFGo_rIFGo,p: .274,q: .700
106,lIFGo_lMotor,p: .076,q: .534
107,lIFGo_rMotor,p: .526,q: .835
108,lIFGo_lOlfC,p: .020*,q: .430
109,lIFGo_rOlfC,p: .119,q: .591
110,lIFGo_lSFGm,p: .614,q: .864
111,lIFGo_rSFGm,p: .252,q: .691
112,lIFGo_lSFGmo,p: .573,q: .855
113,lIFGo_rSFGmo,p: .149,q: .615
114,lIFGo_lInsula,p: .570,q: .854
115,lIFGo_rInsula,p: .067,q: .529
116,lIFGo_lACC,p: .074,q: .534
117,lIFGo_rACC,p: .444,q: .798
118,lIFGo_lPCC,p: .115,q: .586
119,lIFGo_rPCC,p: .155,q: .620
120,lIFGo_lHip,p: .230,q: .663
121,lIFGo_rHip,p: .271,q: .697
122,lIFGo_lParahip,p: .021*,q: .430
123,lIFGo_rParahip,p: .200,q: .655
124,lIFGo_lAmyg,p: .015*,q: .430
125,lIFGo_rAmyg,p: .160,q: .620
126,lIFGo_lCalc,p: .228,q: .663
127,lIFGo_rCalc,p: .077,q: .534
128,lIFGo_lCu,p: .223,q: .663
129,lIFGo_rCu,p: .102,q: .562
130,lIFGo_lLingual,p: .073,q: .534
131,lIFGo_rLingual,p: .253,q: .691
132,lIFGo_lSOccL,p: .111,q: .580
133,lIFGo_rSOccL,p: .101,q: .562
134,lIFGo_lMOccL,p: .030*,q: .441
135,lIFGo_rMOccL,p: .003*,q: .252
136,lIFGo_lIOccL,p: .028*,q: .438
137,lIFGo_rIOccl,p: .027*,q: .436
138,lIFGo_lSPG,p: .136,q: .602
139,lIFGo_rSPG,p: .513,q: .831
140,lIFGo_lIPG,p: .004*,q: .264
141,lIFGo_rIPG,p: .351,q: .740
142,lIFGo_lSMG,p: .158,q: .620
143,lIFGo_rSMG,p: .469,q: .807
144,lIFGo_lAng,p: .039*,q: .484
145,lIFGo_rAng,p: .300,q: .720
146,lIFGo_lPrecu,p: .306,q: .720
147,lIFGo_rPrecu,p: .087,q: .556
148,lIFGo_lMTG,p: .221,q: .663
149,lIFGo_rMTG,p: .505,q: .826
150,rIFGor_lIFGt,p: .198,q: .651
151,rIFGor_rIFGt,p: .154,q: .620
152,rIFGor_lIFGo,p: .219,q: .663
153,rIFGor_rIFGo,p: .138,q: .602
154,rIFGor_lMotor,p: .107,q: .566
155,rIFGor_rMotor,p: .443,q: .798
156,rIFGor_lOlfC,p: .127,q: .602
157,rIFGor_rOlfC,p: .144,q: .608
158,rIFGor_lSFGm,p: .260,q: .696
159,rIFGor_rSFGm,p: .552,q: .841
160,rIFGor_lSFGmo,p: .226,q: .663
161,rIFGor_rSFGmo,p: .044*,q: .497
162,rIFGor_lInsula,p: .196,q: .651
163,rIFGor_rInsula,p: .359,q: .748
164,rIFGor_lACC,p: .137,q: .602
165,rIFGor_rACC,p: .617,q: .866
166,rIFGor_lPCC,p: .480,q: .811
167,rIFGor_rPCC,p: .382,q: .767
168,rIFGor_lHip,p: .567,q: .854
169,rIFGor_rHip,p: .634,q: .869
170,rIFGor_lParahip,p: .753,q: .922
171,rIFGor_rParahip,p: .907,q: .975
172,rIFGor_lAmyg,p: .974,q: .995
173,rIFGor_rAmyg,p: .857,q: .952
174,rIFGor_lCalc,p: .361,q: .749
175,rIFGor_rCalc,p: .696,q: .899
176,rIFGor_lCu,p: .313,q: .720
177,rIFGor_rCu,p: .720,q: .907
178,rIFGor_lLingual,p: .206,q: .657
179,rIFGor_rLingual,p: .992,q: .998
180,rIFGor_lSOccL,p: .076,q: .534
181,rIFGor_rSOccL,p: .800,q: .941
182,rIFGor_lMOccL,p: .054,q: .511
183,rIFGor_rMOccL,p: .235,q: .670
184,rIFGor_lIOccL,p: .033*,q: .458
185,rIFGor_rIOccl,p: .505,q: .826
186,rIFGor_lSPG,p: .192,q: .651
187,rIFGor_rSPG,p: .858,q: .952
188,rIFGor_lIPG,p: .024*,q: .430
189,rIFGor_rIPG,p: .577,q: .855
190,rIFGor_lSMG,p: .183,q: .636
191,rIFGor_rSMG,p: .978,q: .995
192,rIFGor_lAng,p: .155,q: .620
193,rIFGor_rAng,p: .663,q: .884
194,rIFGor_lPrecu,p: .596,q: .858
195,rIFGor_rPrecu,p: .232,q: .665
196,rIFGor_lMTG,p: .172,q: .625
197,rIFGor_rMTG,p: .948,q: .985
198,lIFGt_rIFGt,p: .435,q: .793
199,lIFGt_lIFGo,p: .160,q: .620
200,lIFGt_rIFGo,p: .462,q: .807
201,lIFGt_lMotor,p: .100,q: .562
202,lIFGt_rMotor,p: .369,q: .757
203,lIFGt_lOlfC,p: .128,q: .602
204,lIFGt_rOlfC,p: .408,q: .778
205,lIFGt_lSFGm,p: .556,q: .844
206,lIFGt_rSFGm,p: .305,q: .720
207,lIFGt_lSFGmo,p: .551,q: .841
208,lIFGt_rSFGmo,p: .239,q: .675
209,lIFGt_lInsula,p: .936,q: .982
210,lIFGt_rInsula,p: .277,q: .705
211,lIFGt_lACC,p: .159,q: .620
212,lIFGt_rACC,p: .401,q: .778
213,lIFGt_lPCC,p: .543,q: .841
214,lIFGt_rPCC,p: .611,q: .864
215,lIFGt_lHip,p: .980,q: .996
216,lIFGt_rHip,p: .668,q: .884
217,lIFGt_lParahip,p: .469,q: .807
218,lIFGt_rParahip,p: .768,q: .928
219,lIFGt_lAmyg,p: .170,q: .625
220,lIFGt_rAmyg,p: .490,q: .819
221,lIFGt_lCalc,p: .745,q: .919
222,lIFGt_rCalc,p: .333,q: .738
223,lIFGt_lCu,p: .709,q: .901
224,lIFGt_rCu,p: .445,q: .798
225,lIFGt_lLingual,p: .387,q: .767
226,lIFGt_rLingual,p: .571,q: .855
227,lIFGt_lSOccL,p: .570,q: .854
228,lIFGt_rSOccL,p: .485,q: .816
229,lIFGt_lMOccL,p: .374,q: .764
230,lIFGt_rMOccL,p: .050,q: .508
231,lIFGt_lIOccL,p: .264,q: .697
232,lIFGt_rIOccl,p: .181,q: .636
233,lIFGt_lSPG,p: .413,q: .778
234,lIFGt_rSPG,p: .982,q: .996
235,lIFGt_lIPG,p: .062,q: .523
236,lIFGt_rIPG,p: .701,q: .899
237,lIFGt_lSMG,p: .582,q: .855
238,lIFGt_rSMG,p: .909,q: .975
239,lIFGt_lAng,p: .204,q: .657
240,lIFGt_rAng,p: .754,q: .922
241,lIFGt_lPrecu,p: .651,q: .878
242,lIFGt_rPrecu,p: .338,q: .739
243,lIFGt_lMTG,p: .692,q: .899
244,lIFGt_rMTG,p: .992,q: .998
245,rIFGt_lIFGo,p: .648,q: .878
246,rIFGt_rIFGo,p: .743,q: .919
247,rIFGt_lMotor,p: .108,q: .568
248,rIFGt_rMotor,p: .283,q: .707
249,rIFGt_lOlfC,p: .349,q: .740
250,rIFGt_rOlfC,p: .484,q: .816
251,rIFGt_lSFGm,p: .453,q: .804
252,rIFGt_rSFGm,p: .817,q: .947
253,rIFGt_lSFGmo,p: .599,q: .859
254,rIFGt_rSFGmo,p: .172,q: .625
255,rIFGt_lInsula,p: .380,q: .767
256,rIFGt_rInsula,p: .520,q: .834
257,rIFGt_lACC,p: .421,q: .782
258,rIFGt_rACC,p: .906,q: .975
259,rIFGt_lPCC,p: .518,q: .833
260,rIFGt_rPCC,p: .443,q: .798
261,rIFGt_lHip,p: .851,q: .952
262,rIFGt_rHip,p: .721,q: .907
263,rIFGt_lParahip,p: .853,q: .952
264,rIFGt_rParahip,p: .610,q: .864
265,rIFGt_lAmyg,p: .625,q: .868
266,rIFGt_rAmyg,p: .890,q: .967
267,rIFGt_lCalc,p: .375,q: .764
268,rIFGt_rCalc,p: .496,q: .820
269,rIFGt_lCu,p: .313,q: .720
270,rIFGt_rCu,p: .499,q: .822
271,rIFGt_lLingual,p: .291,q: .715
272,rIFGt_rLingual,p: .913,q: .975
273,rIFGt_lSOccL,p: .106,q: .566
274,rIFGt_rSOccL,p: .545,q: .841
275,rIFGt_lMOccL,p: .087,q: .556
276,rIFGt_rMOccL,p: .134,q: .602
277,rIFGt_lIOccL,p: .055,q: .511
278,rIFGt_rIOccl,p: .408,q: .778
279,rIFGt_lSPG,p: .194,q: .651
280,rIFGt_rSPG,p: .814,q: .945
281,rIFGt_lIPG,p: .023*,q: .430
282,rIFGt_rIPG,p: .244,q: .682
283,rIFGt_lSMG,p: .226,q: .663
284,rIFGt_rSMG,p: .550,q: .841
285,rIFGt_lAng,p: .159,q: .620
286,rIFGt_rAng,p: .420,q: .782
287,rIFGt_lPrecu,p: .526,q: .835
288,rIFGt_rPrecu,p: .223,q: .663
289,rIFGt_lMTG,p: .343,q: .739
290,rIFGt_rMTG,p: .881,q: .963
291,lIFGo_rIFGo,p: .814,q: .945
292,lIFGo_lMotor,p: .047*,q: .500
293,lIFGo_rMotor,p: .318,q: .722
294,lIFGo_lOlfC,p: .072,q: .534
295,lIFGo_rOlfC,p: .640,q: .872
296,lIFGo_lSFGm,p: .928,q: .980
297,lIFGo_rSFGm,p: .630,q: .869
298,lIFGo_lSFGmo,p: .380,q: .767
299,lIFGo_rSFGmo,p: .880,q: .963
300,lIFGo_lInsula,p: .071,q: .534
301,lIFGo_rInsula,p: .264,q: .697
302,lIFGo_lACC,p: .380,q: .767
303,lIFGo_rACC,p: .811,q: .945
304,lIFGo_lPCC,p: .208,q: .657
305,lIFGo_rPCC,p: .324,q: .730
306,lIFGo_lHip,p: .500,q: .822
307,lIFGo_rHip,p: .523,q: .834
308,lIFGo_lParahip,p: .522,q: .834
309,lIFGo_rParahip,p: .832,q: .947
310,lIFGo_lAmyg,p: .056,q: .511
311,lIFGo_rAmyg,p: .518,q: .833
312,lIFGo_lCalc,p: .356,q: .746
313,lIFGo_rCalc,p: .168,q: .625
314,lIFGo_lCu,p: .271,q: .697
315,lIFGo_rCu,p: .162,q: .621
316,lIFGo_lLingual,p: .153,q: .620
317,lIFGo_rLingual,p: .391,q: .768
318,lIFGo_lSOccL,p: .104,q: .562
319,lIFGo_rSOccL,p: .094,q: .562
320,lIFGo_lMOccL,p: .046*,q: .499
321,lIFGo_rMOccL,p: .004*,q: .264
322,lIFGo_lIOccL,p: .040*,q: .484
323,lIFGo_rIOccl,p: .044*,q: .497
324,lIFGo_lSPG,p: .089,q: .559
325,lIFGo_rSPG,p: .435,q: .793
326,lIFGo_lIPG,p: .003*,q: .252
327,lIFGo_rIPG,p: .168,q: .625
328,lIFGo_lSMG,p: .067,q: .529
329,lIFGo_rSMG,p: .449,q: .798
330,lIFGo_lAng,p: .037*,q: .484
331,lIFGo_rAng,p: .128,q: .602
332,lIFGo_lPrecu,p: .307,q: .720
333,lIFGo_rPrecu,p: .137,q: .602
334,lIFGo_lMTG,p: .251,q: .691
335,lIFGo_rMTG,p: .635,q: .869
336,rIFGo_lMotor,p: .197,q: .651
337,rIFGo_rMotor,p: .394,q: .771
338,rIFGo_lOlfC,p: .531,q: .836
339,rIFGo_rOlfC,p: .471,q: .807
340,rIFGo_lSFGm,p: .846,q: .949
341,rIFGo_rSFGm,p: .804,q: .942
342,rIFGo_lSFGmo,p: .812,q: .945
343,rIFGo_rSFGmo,p: .454,q: .804
344,rIFGo_lInsula,p: .440,q: .798
345,rIFGo_rInsula,p: .666,q: .884
346,rIFGo_lACC,p: .735,q: .918
347,rIFGo_rACC,p: .853,q: .952
348,rIFGo_lPCC,p: .654,q: .879
349,rIFGo_rPCC,p: .551,q: .841
350,rIFGo_lHip,p: .928,q: .980
351,rIFGo_rHip,p: .708,q: .901
352,rIFGo_lParahip,p: .544,q: .841
353,rIFGo_rParahip,p: .262,q: .696
354,rIFGo_lAmyg,p: .365,q: .754
355,rIFGo_rAmyg,p: .699,q: .899
356,rIFGo_lCalc,p: .531,q: .836
357,rIFGo_rCalc,p: .605,q: .863
358,rIFGo_lCu,p: .425,q: .785
359,rIFGo_rCu,p: .588,q: .857
360,rIFGo_lLingual,p: .328,q: .733
361,rIFGo_rLingual,p: .984,q: .996
362,rIFGo_lSOccL,p: .123,q: .597
363,rIFGo_rSOccL,p: .577,q: .855
364,rIFGo_lMOccL,p: .105,q: .565
365,rIFGo_rMOccL,p: .106,q: .566
366,rIFGo_lIOccL,p: .075,q: .534
367,rIFGo_rIOccl,p: .389,q: .767
368,rIFGo_lSPG,p: .212,q: .658
369,rIFGo_rSPG,p: .926,q: .980
370,rIFGo_lIPG,p: .011*,q: .430
371,rIFGo_rIPG,p: .256,q: .691
372,rIFGo_lSMG,p: .202,q: .657
373,rIFGo_rSMG,p: .663,q: .884
374,rIFGo_lAng,p: .141,q: .606
375,rIFGo_rAng,p: .410,q: .778
376,rIFGo_lPrecu,p: .699,q: .899
377,rIFGo_rPrecu,p: .305,q: .720
378,rIFGo_lMTG,p: .348,q: .740
379,rIFGo_rMTG,p: .922,q: .978
380,lMotor_rMotor,p: .146,q: .611
381,lMotor_lOlfC,p: .203,q: .657
382,lMotor_rOlfC,p: .203,q: .657
383,lMotor_lSFGm,p: .053,q: .511
384,lMotor_rSFGm,p: .147,q: .611
385,lMotor_lSFGmo,p: .075,q: .534
386,lMotor_rSFGmo,p: .115,q: .586
387,lMotor_lInsula,p: .130,q: .602
388,lMotor_rInsula,p: .241,q: .680
389,lMotor_lACC,p: .036*,q: .477
390,lMotor_rACC,p: .189,q: .647
391,lMotor_lPCC,p: .669,q: .885
392,lMotor_rPCC,p: .739,q: .919
393,lMotor_lHip,p: .404,q: .778
394,lMotor_rHip,p: .445,q: .798
395,lMotor_lParahip,p: .330,q: .737
396,lMotor_rParahip,p: .534,q: .837
397,lMotor_lAmyg,p: .378,q: .767
398,lMotor_rAmyg,p: .361,q: .749
399,lMotor_lCalc,p: .974,q: .995
400,lMotor_rCalc,p: .431,q: .789
401,lMotor_lCu,p: .832,q: .947
402,lMotor_rCu,p: .579,q: .855
403,lMotor_lLingual,p: .492,q: .820
404,lMotor_rLingual,p: .545,q: .841
405,lMotor_lSOccL,p: .301,q: .720
406,lMotor_rSOccL,p: .386,q: .767
407,lMotor_lMOccL,p: .136,q: .602
408,lMotor_rMOccL,p: .020*,q: .430
409,lMotor_lIOccL,p: .103,q: .562
410,lMotor_rIOccl,p: .125,q: .602
411,lMotor_lSPG,p: .566,q: .854
412,lMotor_rSPG,p: .232,q: .665
413,lMotor_lIPG,p: .030*,q: .441
414,lMotor_rIPG,p: .989,q: .998
415,lMotor_lSMG,p: .304,q: .720
416,lMotor_rSMG,p: .868,q: .956
417,lMotor_lAng,p: .100,q: .562
418,lMotor_rAng,p: .824,q: .947
419,lMotor_lPrecu,p: .202,q: .657
420,lMotor_rPrecu,p: .581,q: .855
421,lMotor_lMTG,p: .157,q: .620
422,lMotor_rMTG,p: .708,q: .901
423,rMotor_lOlfC,p: .853,q: .952
424,rMotor_rOlfC,p: .542,q: .841
425,rMotor_lSFGm,p: .138,q: .602
426,rMotor_rSFGm,p: .192,q: .651
427,rMotor_lSFGmo,p: .180,q: .635
428,rMotor_rSFGmo,p: .163,q: .621
429,rMotor_lInsula,p: .532,q: .836
430,rMotor_rInsula,p: .785,q: .934
431,rMotor_lACC,p: .270,q: .697
432,rMotor_rACC,p: .332,q: .738
433,rMotor_lPCC,p: .062,q: .523
434,rMotor_rPCC,p: .120,q: .591
435,rMotor_lHip,p: .797,q: .941
436,rMotor_rHip,p: .835,q: .948
437,rMotor_lParahip,p: .837,q: .948
438,rMotor_rParahip,p: .793,q: .939
439,rMotor_lAmyg,p: .829,q: .947
440,rMotor_rAmyg,p: .970,q: .995
441,rMotor_lCalc,p: .209,q: .658
442,rMotor_rCalc,p: .640,q: .872
443,rMotor_lCu,p: .123,q: .597
444,rMotor_rCu,p: .405,q: .778
445,rMotor_lLingual,p: .567,q: .854
446,rMotor_rLingual,p: .589,q: .857
447,rMotor_lSOccL,p: .664,q: .884
448,rMotor_rSOccL,p: .554,q: .844
449,rMotor_lMOccL,p: .819,q: .947
450,rMotor_rMOccL,p: .226,q: .663
451,rMotor_lIOccL,p: .878,q: .963
452,rMotor_rIOccl,p: .759,q: .924
453,rMotor_lSPG,p: .693,q: .899
454,rMotor_rSPG,p: .005*,q: .276
455,rMotor_lIPG,p: .257,q: .691
456,rMotor_rIPG,p: .405,q: .778
457,rMotor_lSMG,p: .833,q: .947
458,rMotor_rSMG,p: .266,q: .697
459,rMotor_lAng,p: .700,q: .899
460,rMotor_rAng,p: .311,q: .720
461,rMotor_lPrecu,p: .012*,q: .430
462,rMotor_rPrecu,p: .033*,q: .458
463,rMotor_lMTG,p: .733,q: .918
464,rMotor_rMTG,p: .471,q: .807
465,lOlfC_rOlfC,p: .911,q: .975
466,lOlfC_lSFGm,p: .699,q: .899
467,lOlfC_rSFGm,p: .626,q: .868
468,lOlfC_lSFGmo,p: .712,q: .902
469,lOlfC_rSFGmo,p: .446,q: .798
470,lOlfC_lInsula,p: .098,q: .562
471,lOlfC_rInsula,p: .335,q: .738
472,lOlfC_lACC,p: .478,q: .811
473,lOlfC_rACC,p: .994,q: .998
474,lOlfC_lPCC,p: .862,q: .953
475,lOlfC_rPCC,p: .748,q: .921
476,lOlfC_lHip,p: .718,q: .906
477,lOlfC_rHip,p: .977,q: .995
478,lOlfC_lParahip,p: .211,q: .658
479,lOlfC_rParahip,p: .528,q: .835
480,lOlfC_lAmyg,p: .314,q: .720
481,lOlfC_rAmyg,p: .909,q: .975
482,lOlfC_lCalc,p: .796,q: .941
483,lOlfC_rCalc,p: .678,q: .893
484,lOlfC_lCu,p: .862,q: .953
485,lOlfC_rCu,p: .906,q: .975
486,lOlfC_lLingual,p: .658,q: .881
487,lOlfC_rLingual,p: .953,q: .985
488,lOlfC_lSOccL,p: .529,q: .835
489,lOlfC_rSOccL,p: .622,q: .868
490,lOlfC_lMOccL,p: .211,q: .658
491,lOlfC_rMOccL,p: .065,q: .529
492,lOlfC_lIOccL,p: .179,q: .635
493,lOlfC_rIOccl,p: .280,q: .705
494,lOlfC_lSPG,p: .344,q: .739
495,lOlfC_rSPG,p: .869,q: .956
496,lOlfC_lIPG,p: .004*,q: .264
497,lOlfC_rIPG,p: .518,q: .833
498,lOlfC_lSMG,p: .070,q: .534
499,lOlfC_rSMG,p: .833,q: .947
500,lOlfC_lAng,p: .127,q: .602
501,lOlfC_rAng,p: .382,q: .767
502,lOlfC_lPrecu,p: .996,q: .998
503,lOlfC_rPrecu,p: .661,q: .884
504,lOlfC_lMTG,p: .175,q: .629
505,lOlfC_rMTG,p: .990,q: .998
506,rOlfC_lSFGm,p: .771,q: .928
507,rOlfC_rSFGm,p: .973,q: .995
508,rOlfC_lSFGmo,p: .672,q: .888
509,rOlfC_rSFGmo,p: .517,q: .833
510,rOlfC_lInsula,p: .403,q: .778
511,rOlfC_rInsula,p: .221,q: .663
512,rOlfC_lACC,p: .922,q: .978
513,rOlfC_rACC,p: .459,q: .806
514,rOlfC_lPCC,p: .764,q: .928
515,rOlfC_rPCC,p: .546,q: .841
516,rOlfC_lHip,p: .992,q: .998
517,rOlfC_rHip,p: .994,q: .998
518,rOlfC_lParahip,p: .270,q: .697
519,rOlfC_rParahip,p: .118,q: .591
520,rOlfC_lAmyg,p: .187,q: .646
521,rOlfC_rAmyg,p: .954,q: .985
522,rOlfC_lCalc,p: .683,q: .895
523,rOlfC_rCalc,p: .599,q: .859
524,rOlfC_lCu,p: .578,q: .855
525,rOlfC_rCu,p: .653,q: .879
526,rOlfC_lLingual,p: .405,q: .778
527,rOlfC_rLingual,p: .992,q: .998
528,rOlfC_lSOccL,p: .179,q: .635
529,rOlfC_rSOccL,p: .446,q: .798
530,rOlfC_lMOccL,p: .133,q: .602
531,rOlfC_rMOccL,p: .056,q: .511
532,rOlfC_lIOccL,p: .121,q: .591
533,rOlfC_rIOccl,p: .281,q: .705
534,rOlfC_lSPG,p: .215,q: .662
535,rOlfC_rSPG,p: .737,q: .919
536,rOlfC_lIPG,p: .006*,q: .298
537,rOlfC_rIPG,p: .271,q: .697
538,rOlfC_lSMG,p: .099,q: .562
539,rOlfC_rSMG,p: .595,q: .858
540,rOlfC_lAng,p: .131,q: .602
541,rOlfC_rAng,p: .272,q: .698
542,rOlfC_lPrecu,p: .664,q: .884
543,rOlfC_rPrecu,p: .257,q: .691
544,rOlfC_lMTG,p: .322,q: .726
545,rOlfC_rMTG,p: .832,q: .947
546,lSFGm_rSFGm,p: .552,q: .841
547,lSFGm_lSFGmo,p: .459,q: .806
548,lSFGm_rSFGmo,p: .955,q: .985
549,lSFGm_lInsula,p: .575,q: .855
550,lSFGm_rInsula,p: .713,q: .902
551,lSFGm_lACC,p: .818,q: .947
552,lSFGm_rACC,p: .283,q: .707
553,lSFGm_lPCC,p: .912,q: .975
554,lSFGm_rPCC,p: .891,q: .967
555,lSFGm_lHip,p: .997,q: .998
556,lSFGm_rHip,p: .837,q: .948
557,lSFGm_lParahip,p: .692,q: .899
558,lSFGm_rParahip,p: .709,q: .901
559,lSFGm_lAmyg,p: .684,q: .896
560,lSFGm_rAmyg,p: .847,q: .950
561,lSFGm_lCalc,p: .697,q: .899
562,lSFGm_rCalc,p: .306,q: .720
563,lSFGm_lCu,p: .444,q: .798
564,lSFGm_rCu,p: .309,q: .720
565,lSFGm_lLingual,p: .459,q: .806
566,lSFGm_rLingual,p: .597,q: .858
567,lSFGm_lSOccL,p: .177,q: .633
568,lSFGm_rSOccL,p: .147,q: .611
569,lSFGm_lMOccL,p: .096,q: .562
570,lSFGm_rMOccL,p: .003*,q: .264
571,lSFGm_lIOccL,p: .103,q: .562
572,lSFGm_rIOccl,p: .096,q: .562
573,lSFGm_lSPG,p: .175,q: .630
574,lSFGm_rSPG,p: .944,q: .984
575,lSFGm_lIPG,p: .017*,q: .430
576,lSFGm_rIPG,p: .370,q: .758
577,lSFGm_lSMG,p: .290,q: .713
578,lSFGm_rSMG,p: .759,q: .924
579,lSFGm_lAng,p: .077,q: .534
580,lSFGm_rAng,p: .244,q: .682
581,lSFGm_lPrecu,p: .872,q: .959
582,lSFGm_rPrecu,p: .521,q: .834
583,lSFGm_lMTG,p: .388,q: .767
584,lSFGm_rMTG,p: .800,q: .941
585,rSFGm_lSFGmo,p: .098,q: .562
586,rSFGm_rSFGmo,p: .489,q: .819
587,rSFGm_lInsula,p: .345,q: .739
588,rSFGm_rInsula,p: .697,q: .899
589,rSFGm_lACC,p: .946,q: .984
590,rSFGm_rACC,p: .166,q: .625
591,rSFGm_lPCC,p: .802,q: .942
592,rSFGm_rPCC,p: .701,q: .899
593,rSFGm_lHip,p: .991,q: .998
594,rSFGm_rHip,p: .717,q: .906
595,rSFGm_lParahip,p: .533,q: .837
596,rSFGm_rParahip,p: .293,q: .715
597,rSFGm_lAmyg,p: .567,q: .854
598,rSFGm_rAmyg,p: .734,q: .918
599,rSFGm_lCalc,p: .822,q: .947
600,rSFGm_rCalc,p: .494,q: .820
601,rSFGm_lCu,p: .596,q: .858
602,rSFGm_rCu,p: .508,q: .827
603,rSFGm_lLingual,p: .473,q: .807
604,rSFGm_rLingual,p: .842,q: .949
605,rSFGm_lSOccL,p: .146,q: .611
606,rSFGm_rSOccL,p: .268,q: .697
607,rSFGm_lMOccL,p: .081,q: .545
608,rSFGm_rMOccL,p: .013*,q: .430
609,rSFGm_lIOccL,p: .080,q: .545
610,rSFGm_rIOccl,p: .193,q: .651
611,rSFGm_lSPG,p: .166,q: .625
612,rSFGm_rSPG,p: .701,q: .899
613,rSFGm_lIPG,p: .005*,q: .284
614,rSFGm_rIPG,p: .594,q: .858
615,rSFGm_lSMG,p: .208,q: .657
616,rSFGm_rSMG,p: .850,q: .951
617,rSFGm_lAng,p: .074,q: .534
618,rSFGm_rAng,p: .398,q: .776
619,rSFGm_lPrecu,p: .954,q: .985
620,rSFGm_rPrecu,p: .694,q: .899
621,rSFGm_lMTG,p: .294,q: .715
622,rSFGm_rMTG,p: .927,q: .980
623,lSFGmo_rSFGmo,p: .984,q: .996
624,lSFGmo_lInsula,p: .685,q: .896
625,lSFGmo_rInsula,p: .898,q: .969
626,lSFGmo_lACC,p: .843,q: .949
627,lSFGmo_rACC,p: .197,q: .651
628,lSFGmo_lPCC,p: .790,q: .938
629,lSFGmo_rPCC,p: .830,q: .947
630,lSFGmo_lHip,p: .786,q: .934
631,lSFGmo_rHip,p: .897,q: .968
632,lSFGmo_lParahip,p: .346,q: .739
633,lSFGmo_rParahip,p: .343,q: .739
634,lSFGmo_lAmyg,p: .405,q: .778
635,lSFGmo_rAmyg,p: .819,q: .947
636,lSFGmo_lCalc,p: .769,q: .928
637,lSFGmo_rCalc,p: .445,q: .798
638,lSFGmo_lCu,p: .551,q: .841
639,lSFGmo_rCu,p: .434,q: .793
640,lSFGmo_lLingual,p: .556,q: .844
641,lSFGmo_rLingual,p: .771,q: .928
642,lSFGmo_lSOccL,p: .323,q: .729
643,lSFGmo_rSOccL,p: .306,q: .720
644,lSFGmo_lMOccL,p: .217,q: .662
645,lSFGmo_rMOccL,p: .022*,q: .430
646,lSFGmo_lIOccL,p: .253,q: .691
647,lSFGmo_rIOccl,p: .206,q: .657
648,lSFGmo_lSPG,p: .172,q: .625
649,lSFGmo_rSPG,p: .735,q: .918
650,lSFGmo_lIPG,p: .018*,q: .430
651,lSFGmo_rIPG,p: .314,q: .720
652,lSFGmo_lSMG,p: .293,q: .715
653,lSFGmo_rSMG,p: .702,q: .899
654,lSFGmo_lAng,p: .099,q: .562
655,lSFGmo_rAng,p: .229,q: .663
656,lSFGmo_lPrecu,p: .623,q: .868
657,lSFGmo_rPrecu,p: .411,q: .778
658,lSFGmo_lMTG,p: .607,q: .864
659,lSFGmo_rMTG,p: .969,q: .995
660,rSFGmo_lInsula,p: .245,q: .684
661,rSFGmo_rInsula,p: .430,q: .789
662,rSFGmo_lACC,p: .904,q: .974
663,rSFGmo_rACC,p: .002*,q: .252
664,rSFGmo_lPCC,p: .550,q: .841
665,rSFGmo_rPCC,p: .574,q: .855
666,rSFGmo_lHip,p: .681,q: .895
667,rSFGmo_rHip,p: .645,q: .876
668,rSFGmo_lParahip,p: .632,q: .869
669,rSFGmo_rParahip,p: .747,q: .920
670,rSFGmo_lAmyg,p: .595,q: .858
671,rSFGmo_rAmyg,p: .625,q: .868
672,rSFGmo_lCalc,p: .369,q: .757
673,rSFGmo_rCalc,p: .197,q: .651
674,rSFGmo_lCu,p: .216,q: .662
675,rSFGmo_rCu,p: .180,q: .635
676,rSFGmo_lLingual,p: .237,q: .673
677,rSFGmo_rLingual,p: .447,q: .798
678,rSFGmo_lSOccL,p: .061,q: .523
679,rSFGmo_rSOccL,p: .065,q: .529
680,rSFGmo_lMOccL,p: .026*,q: .436
681,rSFGmo_rMOccL,p: .002*,q: .252
682,rSFGmo_lIOccL,p: .022*,q: .430
683,rSFGmo_rIOccl,p: .051,q: .510
684,rSFGmo_lSPG,p: .072,q: .534
685,rSFGmo_rSPG,p: .464,q: .807
686,rSFGmo_lIPG,p: .002*,q: .252
687,rSFGmo_rIPG,p: .094,q: .562
688,rSFGmo_lSMG,p: .058,q: .515
689,rSFGmo_rSMG,p: .317,q: .722
690,rSFGmo_lAng,p: .023*,q: .430
691,rSFGmo_rAng,p: .043*,q: .489
692,rSFGmo_lPrecu,p: .471,q: .807
693,rSFGmo_rPrecu,p: .255,q: .691
694,rSFGmo_lMTG,p: .162,q: .621
695,rSFGmo_rMTG,p: .473,q: .807
696,lInsula_rInsula,p: .248,q: .688
697,lInsula_lACC,p: .203,q: .657
698,lInsula_rACC,p: .602,q: .862
699,lInsula_lPCC,p: .309,q: .720
700,lInsula_rPCC,p: .384,q: .767
701,lInsula_lHip,p: .982,q: .996
702,lInsula_rHip,p: .593,q: .858
703,lInsula_lParahip,p: .063,q: .524
704,lInsula_rParahip,p: .595,q: .858
705,lInsula_lAmyg,p: .031*,q: .458
706,lInsula_rAmyg,p: .500,q: .822
707,lInsula_lCalc,p: .931,q: .980
708,lInsula_rCalc,p: .409,q: .778
709,lInsula_lCu,p: .868,q: .956
710,lInsula_rCu,p: .497,q: .821
711,lInsula_lLingual,p: .322,q: .726
712,lInsula_rLingual,p: .734,q: .918
713,lInsula_lSOccL,p: .772,q: .928
714,lInsula_rSOccL,p: .484,q: .816
715,lInsula_lMOccL,p: .475,q: .807
716,lInsula_rMOccL,p: .043*,q: .489
717,lInsula_lIOccL,p: .244,q: .682
718,lInsula_rIOccl,p: .217,q: .662
719,lInsula_lSPG,p: .417,q: .781
720,lInsula_rSPG,p: .807,q: .944
721,lInsula_lIPG,p: .027*,q: .436
722,lInsula_rIPG,p: .614,q: .864
723,lInsula_lSMG,p: .520,q: .834
724,lInsula_rSMG,p: .732,q: .918
725,lInsula_lAng,p: .217,q: .662
726,lInsula_rAng,p: .579,q: .855
727,lInsula_lPrecu,p: .508,q: .827
728,lInsula_rPrecu,p: .225,q: .663
729,lInsula_lMTG,p: .857,q: .952
730,lInsula_rMTG,p: .940,q: .983
731,rInsula_lACC,p: .514,q: .831
732,rInsula_rACC,p: .577,q: .855
733,rInsula_lPCC,p: .226,q: .663
734,rInsula_rPCC,p: .108,q: .568
735,rInsula_lHip,p: .386,q: .767
736,rInsula_rHip,p: .574,q: .855
737,rInsula_lParahip,p: .559,q: .846
738,rInsula_rParahip,p: .252,q: .691
739,rInsula_lAmyg,p: .955,q: .985
740,rInsula_rAmyg,p: .376,q: .766
741,rInsula_lCalc,p: .094,q: .562
742,rInsula_rCalc,p: .295,q: .716
743,rInsula_lCu,p: .088,q: .556
744,rInsula_rCu,p: .318,q: .722
745,rInsula_lLingual,p: .061,q: .523
746,rInsula_rLingual,p: .586,q: .857
747,rInsula_lSOccL,p: .009*,q: .415
748,rInsula_rSOccL,p: .321,q: .726
749,rInsula_lMOccL,p: .014*,q: .430
750,rInsula_rMOccL,p: .066,q: .529
751,rInsula_lIOccL,p: .013*,q: .430
752,rInsula_rIOccl,p: .205,q: .657
753,rInsula_lSPG,p: .082,q: .545
754,rInsula_rSPG,p: .742,q: .919
755,rInsula_lIPG,p: .021*,q: .430
756,rInsula_rIPG,p: .464,q: .807
757,rInsula_lSMG,p: .091,q: .559
758,rInsula_rSMG,p: .850,q: .951
759,rInsula_lAng,p: .083,q: .545
760,rInsula_rAng,p: .407,q: .778
761,rInsula_lPrecu,p: .336,q: .739
762,rInsula_rPrecu,p: .058,q: .515
763,rInsula_lMTG,p: .092,q: .559
764,rInsula_rMTG,p: .713,q: .902
765,lACC_rACC,p: .511,q: .830
766,lACC_lPCC,p: .893,q: .967
767,lACC_rPCC,p: .914,q: .975
768,lACC_lHip,p: .748,q: .921
769,lACC_rHip,p: .810,q: .945
770,lACC_lParahip,p: .695,q: .899
771,lACC_rParahip,p: .666,q: .884
772,lACC_lAmyg,p: .682,q: .895
773,lACC_rAmyg,p: .866,q: .956
774,lACC_lCalc,p: .594,q: .858
775,lACC_rCalc,p: .296,q: .716
776,lACC_lCu,p: .391,q: .768
777,lACC_rCu,p: .275,q: .703
778,lACC_lLingual,p: .350,q: .740
779,lACC_rLingual,p: .624,q: .868
780,lACC_lSOccL,p: .124,q: .599
781,lACC_rSOccL,p: .100,q: .562
782,lACC_lMOccL,p: .051,q: .508
783,lACC_rMOccL,p: .004*,q: .264
784,lACC_lIOccL,p: .046*,q: .499
785,lACC_rIOccl,p: .093,q: .562
786,lACC_lSPG,p: .093,q: .562
787,lACC_rSPG,p: .672,q: .888
788,lACC_lIPG,p: .002*,q: .252
789,lACC_rIPG,p: .253,q: .691
790,lACC_lSMG,p: .083,q: .545
791,lACC_rSMG,p: .624,q: .868
792,lACC_lAng,p: .028*,q: .436
793,lACC_rAng,p: .131,q: .602
794,lACC_lPrecu,p: .640,q: .872
795,lACC_rPrecu,p: .344,q: .739
796,lACC_lMTG,p: .237,q: .673
797,lACC_rMTG,p: .763,q: .928
798,rACC_lPCC,p: .492,q: .820
799,rACC_rPCC,p: .452,q: .802
800,rACC_lHip,p: .621,q: .868
801,rACC_rHip,p: .465,q: .807
802,rACC_lParahip,p: .227,q: .663
803,rACC_rParahip,p: .130,q: .602
804,rACC_lAmyg,p: .271,q: .697
805,rACC_rAmyg,p: .435,q: .793
806,rACC_lCalc,p: .712,q: .902
807,rACC_rCalc,p: .973,q: .995
808,rACC_lCu,p: .824,q: .947
809,rACC_rCu,p: .909,q: .975
810,rACC_lLingual,p: .961,q: .990
811,rACC_rLingual,p: .692,q: .899
812,rACC_lSOccL,p: .612,q: .864
813,rACC_rSOccL,p: .930,q: .980
814,rACC_lMOccL,p: .409,q: .778
815,rACC_rMOccL,p: .137,q: .602
816,rACC_lIOccL,p: .466,q: .807
817,rACC_rIOccl,p: .579,q: .855
818,rACC_lSPG,p: .415,q: .780
819,rACC_rSPG,p: .539,q: .839
820,rACC_lIPG,p: .039*,q: .484
821,rACC_rIPG,p: .755,q: .922
822,rACC_lSMG,p: .486,q: .816
823,rACC_rSMG,p: .741,q: .919
824,rACC_lAng,p: .252,q: .691
825,rACC_rAng,p: .774,q: .928
826,rACC_lPrecu,p: .738,q: .919
827,rACC_rPrecu,p: .940,q: .983
828,rACC_lMTG,p: .740,q: .919
829,rACC_rMTG,p: .630,q: .869
830,lPCC_rPCC,p: .352,q: .741
831,lPCC_lHip,p: .469,q: .807
832,lPCC_rHip,p: .455,q: .804
833,lPCC_lParahip,p: .342,q: .739
834,lPCC_rParahip,p: .590,q: .858
835,lPCC_lAmyg,p: .885,q: .966
836,lPCC_rAmyg,p: .717,q: .906
837,lPCC_lCalc,p: .709,q: .901
838,lPCC_rCalc,p: .195,q: .651
839,lPCC_lCu,p: .846,q: .949
840,lPCC_rCu,p: .372,q: .760
841,lPCC_lLingual,p: .140,q: .603
842,lPCC_rLingual,p: .264,q: .697
843,lPCC_lSOccL,p: .162,q: .621
844,lPCC_rSOccL,p: .102,q: .562
845,lPCC_lMOccL,p: .052,q: .511
846,lPCC_rMOccL,p: .004*,q: .264
847,lPCC_lIOccL,p: .048*,q: .505
848,lPCC_rIOccl,p: .050,q: .508
849,lPCC_lSPG,p: .418,q: .781
850,lPCC_rSPG,p: .892,q: .967
851,lPCC_lIPG,p: .066,q: .529
852,lPCC_rIPG,p: .774,q: .928
853,lPCC_lSMG,p: .166,q: .625
854,lPCC_rSMG,p: .913,q: .975
855,lPCC_lAng,p: .216,q: .662
856,lPCC_rAng,p: .253,q: .691
857,lPCC_lPrecu,p: .770,q: .928
858,lPCC_rPrecu,p: .949,q: .985
859,lPCC_lMTG,p: .138,q: .602
860,lPCC_rMTG,p: .757,q: .923
861,rPCC_lHip,p: .634,q: .869
862,rPCC_rHip,p: .271,q: .697
863,rPCC_lParahip,p: .632,q: .869
864,rPCC_rParahip,p: .392,q: .768
865,rPCC_lAmyg,p: .565,q: .854
866,rPCC_rAmyg,p: .558,q: .845
867,rPCC_lCalc,p: .513,q: .831
868,rPCC_rCalc,p: .130,q: .602
869,rPCC_lCu,p: .651,q: .878
870,rPCC_rCu,p: .344,q: .739
871,rPCC_lLingual,p: .314,q: .720
872,rPCC_rLingual,p: .178,q: .633
873,rPCC_lSOccL,p: .136,q: .602
874,rPCC_rSOccL,p: .082,q: .545
875,rPCC_lMOccL,p: .049*,q: .508
876,rPCC_rMOccL,p: .002*,q: .252
877,rPCC_lIOccL,p: .053,q: .511
878,rPCC_rIOccl,p: .025*,q: .436
879,rPCC_lSPG,p: .534,q: .837
880,rPCC_rSPG,p: .777,q: .930
881,rPCC_lIPG,p: .099,q: .562
882,rPCC_rIPG,p: .649,q: .878
883,rPCC_lSMG,p: .213,q: .662
884,rPCC_rSMG,p: .719,q: .907
885,rPCC_lAng,p: .350,q: .740
886,rPCC_rAng,p: .230,q: .663
887,rPCC_lPrecu,p: .622,q: .868
888,rPCC_rPrecu,p: .414,q: .778
889,rPCC_lMTG,p: .132,q: .602
890,rPCC_rMTG,p: .539,q: .839
891,lHip_rHip,p: .832,q: .947
892,lHip_lParahip,p: .002*,q: .252
893,lHip_rParahip,p: .826,q: .947
894,lHip_lAmyg,p: .468,q: .807
895,lHip_rAmyg,p: .837,q: .948
896,lHip_lCalc,p: .556,q: .844
897,lHip_rCalc,p: .773,q: .928
898,lHip_lCu,p: .475,q: .807
899,lHip_rCu,p: .894,q: .967
900,lHip_lLingual,p: .349,q: .740
901,lHip_rLingual,p: .738,q: .919
902,lHip_lSOccL,p: .546,q: .841
903,lHip_rSOccL,p: .962,q: .990
904,lHip_lMOccL,p: .677,q: .893
905,lHip_rMOccL,p: .171,q: .625
906,lHip_lIOccL,p: .280,q: .705
907,lHip_rIOccl,p: .406,q: .778
908,lHip_lSPG,p: .891,q: .967
909,lHip_rSPG,p: .857,q: .952
910,lHip_lIPG,p: .081,q: .545
911,lHip_rIPG,p: .928,q: .980
912,lHip_lSMG,p: .282,q: .706
913,lHip_rSMG,p: .919,q: .978
914,lHip_lAng,p: .446,q: .798
915,lHip_rAng,p: .929,q: .980
916,lHip_lPrecu,p: .723,q: .909
917,lHip_rPrecu,p: .352,q: .741
918,lHip_lMTG,p: .426,q: .786
919,lHip_rMTG,p: .611,q: .864
920,rHip_lParahip,p: .880,q: .963
921,rHip_rParahip,p: .077,q: .534
922,rHip_lAmyg,p: .589,q: .857
923,rHip_rAmyg,p: .947,q: .984
924,rHip_lCalc,p: .311,q: .720
925,rHip_rCalc,p: .779,q: .931
926,rHip_lCu,p: .508,q: .827
927,rHip_rCu,p: .969,q: .995
928,rHip_lLingual,p: .199,q: .651
929,rHip_rLingual,p: .818,q: .947
930,rHip_lSOccL,p: .091,q: .559
931,rHip_rSOccL,p: .800,q: .941
932,rHip_lMOccL,p: .058,q: .515
933,rHip_rMOccL,p: .329,q: .734
934,rHip_lIOccL,p: .042*,q: .489
935,rHip_rIOccl,p: .298,q: .716
936,rHip_lSPG,p: .365,q: .754
937,rHip_rSPG,p: .911,q: .975
938,rHip_lIPG,p: .246,q: .686
939,rHip_rIPG,p: .921,q: .978
940,rHip_lSMG,p: .379,q: .767
941,rHip_rSMG,p: .821,q: .947
942,rHip_lAng,p: .438,q: .796
943,rHip_rAng,p: .740,q: .919
944,rHip_lPrecu,p: .547,q: .841
945,rHip_rPrecu,p: .182,q: .636
946,rHip_lMTG,p: .411,q: .778
947,rHip_rMTG,p: .805,q: .942
948,lParahip_rParahip,p: .657,q: .881
949,lParahip_lAmyg,p: .281,q: .705
950,lParahip_rAmyg,p: .894,q: .967
951,lParahip_lCalc,p: .441,q: .798
952,lParahip_rCalc,p: .333,q: .738
953,lParahip_lCu,p: .532,q: .837
954,lParahip_rCu,p: .471,q: .807
955,lParahip_lLingual,p: .097,q: .562
956,lParahip_rLingual,p: .813,q: .945
957,lParahip_lSOccL,p: .147,q: .611
958,lParahip_rSOccL,p: .267,q: .697
959,lParahip_lMOccL,p: .018*,q: .430
960,lParahip_rMOccL,p: .012*,q: .430
961,lParahip_lIOccL,p: .004*,q: .274
962,lParahip_rIOccl,p: .046*,q: .499
963,lParahip_lSPG,p: .103,q: .562
964,lParahip_rSPG,p: .491,q: .819
965,lParahip_lIPG,p: .0008*,q: .252
966,lParahip_rIPG,p: .278,q: .705
967,lParahip_lSMG,p: .005*,q: .276
968,lParahip_rSMG,p: .586,q: .857
969,lParahip_lAng,p: .020*,q: .430
970,lParahip_rAng,p: .191,q: .651
971,lParahip_lPrecu,p: .369,q: .757
972,lParahip_rPrecu,p: .199,q: .651
973,lParahip_lMTG,p: .021*,q: .430
974,lParahip_rMTG,p: .779,q: .931
975,rParahip_lAmyg,p: .208,q: .657
976,rParahip_rAmyg,p: .269,q: .697
977,rParahip_lCalc,p: .296,q: .716
978,rParahip_rCalc,p: .418,q: .781
979,rParahip_lCu,p: .358,q: .747
980,rParahip_rCu,p: .528,q: .835
981,rParahip_lLingual,p: .199,q: .651
982,rParahip_rLingual,p: .780,q: .931
983,rParahip_lSOccL,p: .091,q: .559
984,rParahip_rSOccL,p: .344,q: .739
985,rParahip_lMOccL,p: .059,q: .515
986,rParahip_rMOccL,p: .027*,q: .436
987,rParahip_lIOccL,p: .034*,q: .458
988,rParahip_rIOccl,p: .066,q: .529
989,rParahip_lSPG,p: .229,q: .663
990,rParahip_rSPG,p: .645,q: .876
991,rParahip_lIPG,p: .022*,q: .430
992,rParahip_rIPG,p: .418,q: .781
993,rParahip_lSMG,p: .104,q: .562
994,rParahip_rSMG,p: .615,q: .864
995,rParahip_lAng,p: .162,q: .621
996,rParahip_rAng,p: .288,q: .712
997,rParahip_lPrecu,p: .615,q: .864
998,rParahip_rPrecu,p: .173,q: .625
999,rParahip_lMTG,p: .217,q: .662
1000,rParahip_rMTG,p: .494,q: .820
1001,lAmyg_rAmyg,p: .528,q: .835
1002,lAmyg_lCalc,p: .631,q: .869
1003,lAmyg_rCalc,p: .920,q: .978
1004,lAmyg_lCu,p: .623,q: .868
1005,lAmyg_rCu,p: .829,q: .947
1006,lAmyg_lLingual,p: .838,q: .948
1007,lAmyg_rLingual,p: .581,q: .855
1008,lAmyg_lSOccL,p: .860,q: .953
1009,lAmyg_rSOccL,p: .979,q: .996
1010,lAmyg_lMOccL,p: .243,q: .682
1011,lAmyg_rMOccL,p: .113,q: .581
1012,lAmyg_lIOccL,p: .121,q: .591
1013,lAmyg_rIOccl,p: .358,q: .747
1014,lAmyg_lSPG,p: .265,q: .697
1015,lAmyg_rSPG,p: .766,q: .928
1016,lAmyg_lIPG,p: .001*,q: .252
1017,lAmyg_rIPG,p: .793,q: .939
1018,lAmyg_lSMG,p: .015*,q: .430
1019,lAmyg_rSMG,p: .880,q: .963
1020,lAmyg_lAng,p: .054,q: .511
1021,lAmyg_rAng,p: .753,q: .922
1022,lAmyg_lPrecu,p: .838,q: .948
1023,lAmyg_rPrecu,p: .626,q: .868
1024,lAmyg_lMTG,p: .114,q: .586
1025,lAmyg_rMTG,p: .478,q: .811
1026,rAmyg_lCalc,p: .546,q: .841
1027,rAmyg_rCalc,p: .893,q: .967
1028,rAmyg_lCu,p: .635,q: .869
1029,rAmyg_rCu,p: .967,q: .994
1030,rAmyg_lLingual,p: .338,q: .739
1031,rAmyg_rLingual,p: .769,q: .928
1032,rAmyg_lSOccL,p: .159,q: .620
1033,rAmyg_rSOccL,p: .994,q: .998
1034,rAmyg_lMOccL,p: .156,q: .620
1035,rAmyg_rMOccL,p: .255,q: .691
1036,rAmyg_lIOccL,p: .112,q: .581
1037,rAmyg_rIOccl,p: .381,q: .767
1038,rAmyg_lSPG,p: .343,q: .739
1039,rAmyg_rSPG,p: .995,q: .998
1040,rAmyg_lIPG,p: .087,q: .556
1041,rAmyg_rIPG,p: .583,q: .856
1042,rAmyg_lSMG,p: .223,q: .663
1043,rAmyg_rSMG,p: .752,q: .922
1044,rAmyg_lAng,p: .286,q: .710
1045,rAmyg_rAng,p: .646,q: .876
1046,rAmyg_lPrecu,p: .774,q: .928
1047,rAmyg_rPrecu,p: .331,q: .738
1048,rAmyg_lMTG,p: .288,q: .712
1049,rAmyg_rMTG,p: .765,q: .928
1050,lCalc_rCalc,p: .023*,q: .430
1051,lCalc_lCu,p: .635,q: .869
1052,lCalc_rCu,p: .205,q: .657
1053,lCalc_lLingual,p: .149,q: .615
1054,lCalc_rLingual,p: .060,q: .523
1055,lCalc_lSOccL,p: .225,q: .663
1056,lCalc_rSOccL,p: .090,q: .559
1057,lCalc_lMOccL,p: .170,q: .625
1058,lCalc_rMOccL,p: .003*,q: .252
1059,lCalc_lIOccL,p: .831,q: .947
1060,lCalc_rIOccl,p: .052,q: .511
1061,lCalc_lSPG,p: .681,q: .895
1062,lCalc_rSPG,p: .102,q: .562
1063,lCalc_lIPG,p: .753,q: .922
1064,lCalc_rIPG,p: .158,q: .620
1065,lCalc_lSMG,p: .523,q: .834
1066,lCalc_rSMG,p: .230,q: .663
1067,lCalc_lAng,p: .575,q: .855
1068,lCalc_rAng,p: .074,q: .534
1069,lCalc_lPrecu,p: .308,q: .720
1070,lCalc_rPrecu,p: .173,q: .626
1071,lCalc_lMTG,p: .345,q: .739
1072,lCalc_rMTG,p: .501,q: .822
1073,rCalc_lCu,p: .075,q: .534
1074,rCalc_rCu,p: .868,q: .956
1075,rCalc_lLingual,p: .328,q: .733
1076,rCalc_rLingual,p: .361,q: .749
1077,rCalc_lSOccL,p: .018*,q: .430
1078,rCalc_rSOccL,p: .794,q: .939
1079,rCalc_lMOccL,p: .042*,q: .489
1080,rCalc_rMOccL,p: .166,q: .625
1081,rCalc_lIOccL,p: .234,q: .668
1082,rCalc_rIOccl,p: .697,q: .899
1083,rCalc_lSPG,p: .303,q: .720
1084,rCalc_rSPG,p: .103,q: .562
1085,rCalc_lIPG,p: .524,q: .834
1086,rCalc_rIPG,p: .678,q: .893
1087,rCalc_lSMG,p: .293,q: .715
1088,rCalc_rSMG,p: .900,q: .971
1089,rCalc_lAng,p: .769,q: .928
1090,rCalc_rAng,p: .473,q: .807
1091,rCalc_lPrecu,p: .074,q: .534
1092,rCalc_rPrecu,p: .029*,q: .438
1093,rCalc_lMTG,p: .217,q: .662
1094,rCalc_rMTG,p: .487,q: .817
1095,lCu_rCu,p: .054,q: .511
1096,lCu_lLingual,p: .212,q: .658
1097,lCu_rLingual,p: .170,q: .625
1098,lCu_lSOccL,p: .133,q: .602
1099,lCu_rSOccL,p: .045*,q: .499
1100,lCu_lMOccL,p: .305,q: .720
1101,lCu_rMOccL,p: .003*,q: .252
1102,lCu_lIOccL,p: .951,q: .985
1103,lCu_rIOccl,p: .105,q: .565
1104,lCu_lSPG,p: .953,q: .985
1105,lCu_rSPG,p: .055,q: .511
1106,lCu_lIPG,p: .689,q: .899
1107,lCu_rIPG,p: .164,q: .625
1108,lCu_lSMG,p: .638,q: .872
1109,lCu_rSMG,p: .317,q: .722
1110,lCu_lAng,p: .638,q: .872
1111,lCu_rAng,p: .076,q: .534
1112,lCu_lPrecu,p: .015*,q: .430
1113,lCu_rPrecu,p: .032*,q: .458
1114,lCu_lMTG,p: .458,q: .806
1115,lCu_rMTG,p: .804,q: .942
1116,rCu_lLingual,p: .973,q: .995
1117,rCu_rLingual,p: .608,q: .864
1118,rCu_lSOccL,p: .043*,q: .489
1119,rCu_rSOccL,p: .143,q: .608
1120,rCu_lMOccL,p: .083,q: .545
1121,rCu_rMOccL,p: .006*,q: .298
1122,rCu_lIOccL,p: .538,q: .839
1123,rCu_rIOccl,p: .420,q: .782
1124,rCu_lSPG,p: .220,q: .663
1125,rCu_rSPG,p: .050,q: .508
1126,rCu_lIPG,p: .353,q: .742
1127,rCu_rIPG,p: .436,q: .793
1128,rCu_lSMG,p: .261,q: .696
1129,rCu_rSMG,p: .833,q: .947
1130,rCu_lAng,p: .939,q: .983
1131,rCu_rAng,p: .197,q: .651
1132,rCu_lPrecu,p: .032*,q: .458
1133,rCu_rPrecu,p: .011*,q: .430
1134,rCu_lMTG,p: .239,q: .675
1135,rCu_rMTG,p: .430,q: .789
1136,lLingual_rLingual,p: .705,q: .901
1137,lLingual_lSOccL,p: .596,q: .858
1138,lLingual_rSOccL,p: .395,q: .771
1139,lLingual_lMOccL,p: .459,q: .806
1140,lLingual_rMOccL,p: .015*,q: .430
1141,lLingual_lIOccL,p: .312,q: .720
1142,lLingual_rIOccl,p: .057,q: .511
1143,lLingual_lSPG,p: .844,q: .949
1144,lLingual_rSPG,p: .409,q: .778
1145,lLingual_lIPG,p: .182,q: .636
1146,lLingual_rIPG,p: .267,q: .697
1147,lLingual_lSMG,p: .147,q: .611
1148,lLingual_rSMG,p: .271,q: .697
1149,lLingual_lAng,p: .794,q: .939
1150,lLingual_rAng,p: .139,q: .603
1151,lLingual_lPrecu,p: .467,q: .807
1152,lLingual_rPrecu,p: .261,q: .696
1153,lLingual_lMTG,p: .133,q: .602
1154,lLingual_rMTG,p: .491,q: .819
1155,rLingual_lSOccL,p: .083,q: .545
1156,rLingual_rSOccL,p: .632,q: .869
1157,rLingual_lMOccL,p: .131,q: .602
1158,rLingual_rMOccL,p: .308,q: .720
1159,rLingual_lIOccL,p: .650,q: .878
1160,rLingual_rIOccl,p: .743,q: .919
1161,rLingual_lSPG,p: .357,q: .746
1162,rLingual_rSPG,p: .142,q: .606
1163,rLingual_lIPG,p: .516,q: .833
1164,rLingual_rIPG,p: .600,q: .859
1165,rLingual_lSMG,p: .494,q: .820
1166,rLingual_rSMG,p: .783,q: .934
1167,rLingual_lAng,p: .840,q: .948
1168,rLingual_rAng,p: .340,q: .739
1169,rLingual_lPrecu,p: .119,q: .591
1170,rLingual_rPrecu,p: .019*,q: .430
1171,rLingual_lMTG,p: .613,q: .864
1172,rLingual_rMTG,p: .423,q: .784
1173,lSOccL_rSOccL,p: .034*,q: .459
1174,lSOccL_lMOccL,p: .473,q: .807
1175,lSOccL_rMOccL,p: .002*,q: .252
1176,lSOccL_lIOccL,p: .526,q: .835
1177,lSOccL_rIOccl,p: .026*,q: .436
1178,lSOccL_lSPG,p: .894,q: .967
1179,lSOccL_rSPG,p: .016*,q: .430
1180,lSOccL_lIPG,p: .348,q: .740
1181,lSOccL_rIPG,p: .010*,q: .430
1182,lSOccL_lSMG,p: .342,q: .739
1183,lSOccL_rSMG,p: .018*,q: .430
1184,lSOccL_lAng,p: .973,q: .995
1185,lSOccL_rAng,p: .018*,q: .430
1186,lSOccL_lPrecu,p: .018*,q: .430
1187,lSOccL_rPrecu,p: .025*,q: .436
1188,lSOccL_lMTG,p: .298,q: .716
1189,lSOccL_rMTG,p: .071,q: .534
1190,rSOccL_lMOccL,p: .088,q: .556
1191,rSOccL_rMOccL,p: .076,q: .534
1192,rSOccL_lIOccL,p: .430,q: .789
1193,rSOccL_rIOccl,p: .944,q: .984
1194,rSOccL_lSPG,p: .295,q: .716
1195,rSOccL_rSPG,p: .082,q: .545
1196,rSOccL_lIPG,p: .895,q: .967
1197,rSOccL_rIPG,p: .622,q: .868
1198,rSOccL_lSMG,p: .500,q: .822
1199,rSOccL_rSMG,p: .984,q: .996
1200,rSOccL_lAng,p: .755,q: .922
1201,rSOccL_rAng,p: .342,q: .739
1202,rSOccL_lPrecu,p: .040*,q: .484
1203,rSOccL_rPrecu,p: .022*,q: .430
1204,rSOccL_lMTG,p: .422,q: .783
1205,rSOccL_rMTG,p: .152,q: .619
1206,lMOccL_rMOccL,p: .002*,q: .252
1207,lMOccL_lIOccL,p: .447,q: .798
1208,lMOccL_rIOccl,p: .014*,q: .430
1209,lMOccL_lSPG,p: .798,q: .941
1210,lMOccL_rSPG,p: .030*,q: .441
1211,lMOccL_lIPG,p: .502,q: .822
1212,lMOccL_rIPG,p: .027*,q: .436
1213,lMOccL_lSMG,p: .140,q: .603
1214,lMOccL_rSMG,p: .038*,q: .484
1215,lMOccL_lAng,p: .657,q: .881
1216,lMOccL_rAng,p: .019*,q: .430
1217,lMOccL_lPrecu,p: .024*,q: .436
1218,lMOccL_rPrecu,p: .020*,q: .430
1219,lMOccL_lMTG,p: .130,q: .602
1220,lMOccL_rMTG,p: .077,q: .534
1221,rMOccL_lIOccL,p: .023*,q: .430
1222,rMOccL_rIOccl,p: .148,q: .614
1223,rMOccL_lSPG,p: .028*,q: .436
1224,rMOccL_rSPG,p: .002*,q: .252
1225,rMOccL_lIPG,p: .134,q: .602
1226,rMOccL_rIPG,p: .062,q: .524
1227,rMOccL_lSMG,p: .038*,q: .484
1228,rMOccL_rSMG,p: .277,q: .705
1229,rMOccL_lAng,p: .335,q: .738
1230,rMOccL_rAng,p: .158,q: .620
1231,rMOccL_lPrecu,p: .001*,q: .252
1232,rMOccL_rPrecu,p: .0003*,q: .252
1233,rMOccL_lMTG,p: .033*,q: .458
1234,rMOccL_rMTG,p: .483,q: .816
1235,lIOccL_rIOccl,p: .023*,q: .430
1236,lIOccL_lSPG,p: .826,q: .947
1237,lIOccL_rSPG,p: .073,q: .534
1238,lIOccL_lIPG,p: .168,q: .625
1239,lIOccL_rIPG,p: .049*,q: .508
1240,lIOccL_lSMG,p: .068,q: .529
1241,lIOccL_rSMG,p: .035*,q: .464
1242,lIOccL_lAng,p: .697,q: .899
1243,lIOccL_rAng,p: .089,q: .559
1244,lIOccL_lPrecu,p: .100,q: .562
1245,lIOccL_rPrecu,p: .041*,q: .489
1246,lIOccL_lMTG,p: .056,q: .511
1247,lIOccL_rMTG,p: .068,q: .529
1248,rIOccl_lSPG,p: .289,q: .713
1249,rIOccl_rSPG,p: .121,q: .591
1250,rIOccl_lIPG,p: .735,q: .918
1251,rIOccl_rIPG,p: .386,q: .767
1252,rIOccl_lSMG,p: .229,q: .663
1253,rIOccl_rSMG,p: .389,q: .767
1254,rIOccl_lAng,p: .767,q: .928
1255,rIOccl_rAng,p: .538,q: .839
1256,rIOccl_lPrecu,p: .062,q: .523
1257,rIOccl_rPrecu,p: .015*,q: .430
1258,rIOccl_lMTG,p: .143,q: .608
1259,rIOccl_rMTG,p: .858,q: .952
1260,lSPG_rSPG,p: .411,q: .778
1261,lSPG_lIPG,p: .286,q: .710
1262,lSPG_rIPG,p: .270,q: .697
1263,lSPG_lSMG,p: .426,q: .786
1264,lSPG_rSMG,p: .405,q: .778
1265,lSPG_lAng,p: .840,q: .948
1266,lSPG_rAng,p: .280,q: .705
1267,lSPG_lPrecu,p: .405,q: .778
1268,lSPG_rPrecu,p: .661,q: .884
1269,lSPG_lMTG,p: .341,q: .739
1270,lSPG_rMTG,p: .987,q: .998
1271,rSPG_lIPG,p: .918,q: .978
1272,rSPG_rIPG,p: .685,q: .896
1273,rSPG_lSMG,p: .921,q: .978
1274,rSPG_rSMG,p: .347,q: .740
1275,rSPG_lAng,p: .830,q: .947
1276,rSPG_rAng,p: .316,q: .722
1277,rSPG_lPrecu,p: .857,q: .952
1278,rSPG_rPrecu,p: .944,q: .984
1279,rSPG_lMTG,p: .404,q: .778
1280,rSPG_rMTG,p: .424,q: .784
1281,lIPG_rIPG,p: .934,q: .982
1282,lIPG_lSMG,p: .286,q: .710
1283,lIPG_rSMG,p: .799,q: .941
1284,lIPG_lAng,p: .116,q: .586
1285,lIPG_rAng,p: .448,q: .798
1286,lIPG_lPrecu,p: .167,q: .625
1287,lIPG_rPrecu,p: .187,q: .646
1288,lIPG_lMTG,p: .159,q: .620
1289,lIPG_rMTG,p: .471,q: .807
1290,rIPG_lSMG,p: .893,q: .967
1291,rIPG_rSMG,p: .786,q: .934
1292,rIPG_lAng,p: .802,q: .942
1293,rIPG_rAng,p: .809,q: .945
1294,rIPG_lPrecu,p: .833,q: .947
1295,rIPG_rPrecu,p: .687,q: .898
1296,rIPG_lMTG,p: .569,q: .854
1297,rIPG_rMTG,p: .413,q: .778
1298,lSMG_rSMG,p: .943,q: .984
1299,lSMG_lAng,p: .090,q: .559
1300,lSMG_rAng,p: .666,q: .884
1301,lSMG_lPrecu,p: .383,q: .767
1302,lSMG_rPrecu,p: .188,q: .646
1303,lSMG_lMTG,p: .183,q: .636
1304,lSMG_rMTG,p: .784,q: .934
1305,rSMG_lAng,p: .584,q: .856
1306,rSMG_rAng,p: .950,q: .985
1307,rSMG_lPrecu,p: .916,q: .976
1308,rSMG_rPrecu,p: .706,q: .901
1309,rSMG_lMTG,p: .485,q: .816
1310,rSMG_rMTG,p: .934,q: .982
1311,lAng_rAng,p: .890,q: .967
1312,lAng_lPrecu,p: .315,q: .720
1313,lAng_rPrecu,p: .472,q: .807
1314,lAng_lMTG,p: .289,q: .712
1315,lAng_rMTG,p: .777,q: .930
1316,rAng_lPrecu,p: .256,q: .691
1317,rAng_rPrecu,p: .256,q: .691
1318,rAng_lMTG,p: .630,q: .869
1319,rAng_rMTG,p: .573,q: .855
1320,lPrecu_rPrecu,p: .608,q: .864
1321,lPrecu_lMTG,p: .151,q: .617
1322,lPrecu_rMTG,p: .945,q: .984
1323,rPrecu_lMTG,p: .064,q: .529
1324,rPrecu_rMTG,p: .413,q: .778
1325,lMTG_rMTG,p: .976,q: .995
